,training time,testing time,accuracy
0,1.9617072383000504,0.10708002540000053,51.8777491488821
